cliente_id,nome_cliente,idade,genero,cidade,estado
1,Donald Cunningham,68,Feminino,West Gregory,Arkansas
2,Dorothy Peters,79,Feminino,North Kenneth,Alabama
3,Lauren Glass,76,Feminino,Lake Jessica,Kansas
4,Jessica Mays,47,Masculino,Keithview,California
5,Sara Franklin,23,Feminino,Meganport,Utah
6,Anita Henry,23,Masculino,Port Gregoryburgh,Rhode Island
7,Daniel Horton,71,Masculino,Morrisside,Arizona
8,Eugene Webb,44,Feminino,Castrohaven,North Carolina
9,Melissa Fields,61,Masculino,East Cassidy,Kansas
10,Jessica Martin,73,Masculino,Jasonchester,California
11,Brittany Mendoza,40,Masculino,Chadburgh,Oklahoma
12,Joshua Collins,32,Feminino,Leeside,Montana
13,Phillip Scott,56,Feminino,Hermanport,Nevada
14,Christine Brown,36,Feminino,Coopermouth,Massachusetts
15,Jennifer Heath,44,Feminino,Petersonport,Michigan
16,Jesse Allen,53,Feminino,South Emmaburgh,Wisconsin
17,Ricardo Waller,78,Feminino,South Karenshire,Colorado
18,Nicholas Davis,25,Masculino,North Tracyfort,Illinois
19,Kirk Robinson,30,Feminino,New Nancystad,Pennsylvania
20,Jonathan Jones,47,Masculino,Stephaniestad,Pennsylvania
21,Kimberly Thomas,60,Masculino,South Leon,Indiana
22,Valerie Blanchard,32,Feminino,Lake Andrea,Virginia
23,Donald Williams,30,Masculino,Longland,Nevada
24,Timothy Huerta,53,Masculino,Deanville,Vermont
25,Tracy Garza,71,Feminino,Port Johntown,Vermont
26,Lisa Ramos,74,Masculino,North William,Vermont
27,Mary Gonzalez,24,Feminino,Gregoryside,Nebraska
28,David Diaz,74,Feminino,South Devin,Pennsylvania
29,Robert Simon,57,Masculino,Cookhaven,Maine
30,George Best,22,Feminino,Port Anneshire,Mississippi
31,Anthony Smith,34,Masculino,Lake Mckenzie,Kansas
32,Shannon Morris,74,Feminino,Edwinmouth,Nebraska
33,Cody Smith,30,Feminino,South Sarashire,Utah
34,Kathryn Blake,59,Feminino,West Ambermouth,Arkansas
35,Sharon Phillips,22,Feminino,West Kristinafort,Illinois
36,Kristin Sims,80,Feminino,North Ebony,West Virginia
37,Christian Hill,75,Feminino,Port Jamesville,Utah
38,Heather Young,26,Masculino,Grossshire,Kansas
39,Fred Dunlap,18,Feminino,South Julie,Wyoming
40,Eric Sanchez,78,Masculino,Port Beckyshire,West Virginia
41,Jordan Barnett,43,Masculino,New Amanda,Florida
42,Kelly Lynch,51,Masculino,Lake Michelemouth,Oregon
43,Patricia Tanner,73,Masculino,Johnsonfort,North Dakota
44,Mrs. Shawna Martin DDS,19,Masculino,East Stephaniehaven,Massachusetts
45,Daniel Hughes,74,Masculino,New Adriennebury,New Mexico
46,Karen Cobb,67,Masculino,East Carolyn,Arizona
47,Michelle Barrett,26,Masculino,Robertsborough,Connecticut
48,Seth Banks,55,Feminino,North Joshuastad,North Carolina
49,Joseph Wells,70,Masculino,Lake Lisabury,Florida
50,Jenna Fisher,65,Masculino,New Walter,Colorado
51,Carlos Evans,23,Masculino,Lake Williamside,Connecticut
52,Wendy Chen,54,Feminino,New Keithfurt,Colorado
53,John Brown,45,Masculino,Port Ericaton,Georgia
54,Joseph Stewart,18,Masculino,North Anna,Arkansas
55,Jennifer Green,44,Masculino,South Dominiquefort,Oklahoma
56,Chris Moreno,36,Feminino,Howardmouth,Oklahoma
57,Susan Daniels,27,Masculino,Amberland,Minnesota
58,Douglas Peters,73,Feminino,Chadfurt,Massachusetts
59,Linda Patton,23,Masculino,West Steveland,Rhode Island
60,Mr. Jason Nelson,57,Feminino,Jenkinsstad,Idaho
61,Alicia Aguirre,35,Masculino,Williamstown,Kansas
62,Jeffery Porter,23,Feminino,Bartlettfurt,Idaho
63,Anthony Russell,69,Masculino,Bobbyton,South Carolina
64,Brian Campbell,68,Feminino,East Matthew,Indiana
65,Connie Deleon,26,Feminino,Leslieville,Indiana
66,Thomas Schmidt,64,Masculino,South Kelly,California
67,Noah Johnson,80,Masculino,East Deborahmouth,Rhode Island
68,Erica Wise,42,Feminino,Kimberlyside,Florida
69,Jerry Ramirez,36,Feminino,Martinton,Michigan
70,Dakota Jones,53,Feminino,Oliviafurt,Mississippi
71,Lauren Dean,70,Masculino,South William,Kentucky
72,Michael Davis PhD,21,Feminino,South Davidchester,Montana
73,Mr. Aaron Moore,21,Masculino,East Catherinefurt,Connecticut
74,Randall Garza,33,Masculino,East Thomaschester,Texas
75,Brenda Martinez,24,Feminino,West Christophertown,Arizona
76,Ruth Gonzalez,27,Masculino,Marissaborough,Indiana
77,Todd Paul,48,Masculino,North Lori,Oklahoma
78,Dawn Turner,30,Masculino,North Annamouth,Oklahoma
79,Ashley Green,69,Feminino,North Joelview,Montana
80,David Knight DDS,44,Masculino,Jasminshire,Oklahoma
81,Joshua Griffin,58,Feminino,Watkinsport,Ohio
82,Maurice Anderson,43,Feminino,Wrightville,Montana
83,Patrick Allen,75,Feminino,East Dorothyburgh,Idaho
84,Gloria Peck,44,Masculino,North Nicoleview,Colorado
85,Lisa Alexander,44,Masculino,New Tanyaberg,New Mexico
86,Hailey Garrett,70,Masculino,Phillipsshire,Alaska
87,Michael Chapman,80,Masculino,West Dominicmouth,Virginia
88,Susan Carney,32,Masculino,New William,Arizona
89,Julie Douglas,25,Masculino,Sheltonburgh,Indiana
90,Jesus Smith,30,Masculino,Anitaborough,New Mexico
91,Rebecca Cameron,76,Masculino,Ambershire,Virginia
92,David Fields,60,Feminino,Whiteton,Utah
93,Mikayla Clark,51,Feminino,South Jamiemouth,Rhode Island
94,Heather Ortiz PhD,71,Masculino,New Diana,Kansas
95,Shane Williamson DDS,58,Masculino,North Josephside,Iowa
96,Melissa Wagner,31,Masculino,Rachelville,Nebraska
97,Brandon Schroeder,27,Feminino,Romanbury,Colorado
98,Stephanie Lin,64,Masculino,South Melanie,Florida
99,David Davis,32,Feminino,Rickeyview,Idaho
100,Daniel Chapman,58,Feminino,Angelaport,Maine
101,Wendy Mayo,68,Masculino,Michaelborough,Montana
102,Eddie Arellano,28,Feminino,East Yvonneton,Georgia
103,Alexandra Ryan,79,Feminino,New Seanmouth,Louisiana
104,Melissa Franco,26,Feminino,Phillipsland,New Mexico
105,James Davis DDS,48,Feminino,South Matthew,South Dakota
106,Stacy Davidson MD,30,Masculino,Billyburgh,Nevada
107,Andrew Moore,30,Masculino,Cortezville,Pennsylvania
108,Kelly Ramirez,53,Masculino,Popestad,West Virginia
109,Jordan Harper,35,Masculino,South Ashleyfurt,South Carolina
110,Thomas Bruce,43,Masculino,Josephfurt,Maryland
111,Amber Gonzalez,46,Feminino,New Mark,Illinois
112,Sarah Castillo,63,Feminino,Lake Gabrielamouth,Pennsylvania
113,James Rogers,61,Feminino,New Ashleyfurt,New Hampshire
114,Monique Davis,59,Masculino,Grossport,Alabama
115,Cheryl Marquez,59,Feminino,New Robert,Illinois
116,Benjamin Obrien,32,Masculino,Garciachester,Washington
117,Christine Gutierrez,26,Masculino,Port Martin,New Jersey
118,Christopher Le,27,Feminino,Port Christine,Delaware
119,Keith Holt,27,Feminino,North Suzannefort,Florida
120,Alejandro Warren,63,Masculino,Lake Theresamouth,Ohio
121,Cameron Roberts,34,Masculino,North Chadborough,Virginia
122,Daniel Gay,55,Feminino,Ruizbury,Oregon
123,Jordan Gutierrez,33,Feminino,Julieland,Maryland
124,Renee Cox,25,Feminino,Port John,Ohio
125,Sarah Allen,80,Masculino,New Glendachester,Alabama
126,Angela Rodriguez,18,Feminino,South Robert,Oregon
127,Wesley Hudson,23,Masculino,New Catherine,Rhode Island
128,Brian Sanders,52,Masculino,Thompsonside,Oklahoma
129,Kevin Oneal,75,Feminino,Donnamouth,Montana
130,Melvin Arnold,20,Masculino,Jamesberg,Vermont
131,Susan Barker,73,Feminino,Scottfurt,Delaware
132,Timothy Love,44,Masculino,Lawrencebury,Arizona
133,Jesse Fox,68,Feminino,West Jeremyborough,Texas
134,Bruce Hunt,47,Feminino,North Ericborough,Indiana
135,Henry Keith,37,Masculino,Huffbury,Texas
136,Derek Gaines,67,Feminino,Port Steven,West Virginia
137,Heather Kim,40,Feminino,Khanberg,Rhode Island
138,Darlene Nguyen,79,Masculino,Kimberlymouth,Montana
139,Kristina Hamilton,62,Feminino,Andersonberg,Colorado
140,Phillip Bell,30,Feminino,South Diane,Virginia
141,Fred Fritz,57,Masculino,Cervantesfurt,Nevada
142,Nathaniel Blackwell,76,Masculino,Port Randytown,Hawaii
143,David Day,80,Masculino,Robinsonburgh,Arkansas
144,Erica Jackson,58,Feminino,East Timothy,Minnesota
145,Leslie Keller,55,Masculino,Port Michaelstad,Louisiana
146,Terri Johnson,72,Masculino,Bonillaland,Alaska
147,Devin Gray,25,Feminino,Port Rachelville,Arkansas
148,Stephen Silva,43,Feminino,Valdezland,Rhode Island
149,Jamie Williams,35,Masculino,New Courtney,Louisiana
150,Alexis Cardenas,25,Masculino,New Joseph,Missouri
151,Anthony Young,20,Masculino,Karlaton,California
152,George Smith,55,Masculino,North Lisamouth,Wisconsin
153,Toni Gillespie,78,Masculino,Port Jacquelineville,Louisiana
154,Rachel Case,19,Feminino,Lake Russell,Vermont
155,Sarah Sanchez,22,Masculino,Christinashire,New Mexico
156,Christopher Bass,22,Feminino,Brandonchester,Alabama
157,Dana Francis,18,Feminino,Debraberg,Mississippi
158,Cindy White DDS,71,Feminino,Riveraberg,Texas
159,Tyler Rodgers,67,Masculino,East Christopher,Arizona
160,Derrick Chapman,27,Masculino,Rojasfurt,Illinois
161,Jessica Patterson,21,Masculino,East Katie,New York
162,Courtney Duncan,50,Masculino,Madisonville,Colorado
163,Erin Robertson,26,Feminino,Jonesfurt,Nebraska
164,Tracy Barber,54,Feminino,Lake Joseph,Louisiana
165,Joseph Rios,48,Masculino,South Richard,Colorado
166,Alyssa Lopez,30,Masculino,Dianeton,Texas
167,April Jordan,36,Masculino,North Julia,Louisiana
168,Katie Olsen,64,Masculino,Kimhaven,Rhode Island
169,Elizabeth Barrett,21,Feminino,West Paulborough,South Carolina
170,Johnny Brown,69,Feminino,Port Michaelshire,Mississippi
171,Tonya Young,69,Masculino,East Summermouth,Louisiana
172,Jeffery Thornton,62,Masculino,Port Jeffrey,Michigan
173,Amy Caldwell,43,Masculino,East Seth,South Dakota
174,Marcus Duke,33,Feminino,Port Joseph,Rhode Island
175,Austin Tran,28,Feminino,Port Victoriaton,South Dakota
176,Jennifer Davila,25,Masculino,Lukeland,Missouri
177,Brittany Mitchell,25,Masculino,Maryshire,Maryland
178,Kimberly Carter,66,Masculino,Michaelport,Michigan
179,William Gross,58,Masculino,Smithfort,Missouri
180,Thomas Casey,57,Feminino,Murraytown,Illinois
181,David Ramos,41,Masculino,Michealtown,Arizona
182,Ronnie White,78,Feminino,East Jonathan,Massachusetts
183,Cassandra Little,45,Feminino,West Derrickberg,Washington
184,Paul Wilson,65,Feminino,South Latasha,Tennessee
185,Tracy Brock,75,Masculino,Vargasport,Tennessee
186,Elizabeth Brown,21,Masculino,Daniellestad,Texas
187,Eduardo Young,58,Feminino,Gardnerville,Iowa
188,Kellie Marshall,25,Masculino,North Reginabury,Washington
189,Jessica Meyer,48,Feminino,New Oscarland,Alaska
190,Angela Griffith,64,Masculino,New Scottton,Maryland
191,Mr. Charles Nelson,50,Masculino,Catherineberg,Arizona
192,Mr. Caleb Wade,36,Feminino,South Brandon,California
193,David Barber,54,Masculino,Jenkinsstad,New Jersey
194,Kyle Gonzalez,62,Masculino,Ayalachester,Alaska
195,Travis Richardson,47,Masculino,Meganview,Alabama
196,Andre Gates,31,Feminino,Edwardville,Idaho
197,Benjamin Garcia,72,Feminino,Lake Williamview,Kansas
198,Matthew Cook,45,Masculino,Jaimefurt,Georgia
199,Christy Boone,71,Masculino,Lake Alan,South Dakota
200,Denise Wiggins,28,Masculino,North Keithshire,Michigan
201,Chad Fleming,62,Feminino,Mcclurebury,Indiana
202,Cassie Adams,37,Masculino,Ryanmouth,Iowa
203,Mr. Bobby Reeves,76,Feminino,Wardburgh,Washington
204,Kathleen Kane,36,Feminino,Morrisport,Maine
205,Cody Richard,54,Feminino,Kevinmouth,Arkansas
206,Michael Anderson,68,Masculino,New James,Nevada
207,Joshua Bates,48,Feminino,Christinamouth,Connecticut
208,Robin Preston,54,Masculino,Johnchester,Alaska
209,Aaron Rhodes,42,Masculino,Heatherberg,Oklahoma
210,Kerri Cole,40,Masculino,East Victorshire,Oregon
211,Kathleen Murphy,66,Feminino,New Davidtown,North Dakota
212,Donna Moore,36,Feminino,Colinfort,Louisiana
213,Crystal Foley,34,Masculino,North Jacob,South Dakota
214,Emily Chavez,38,Feminino,Lake Nicholas,Illinois
215,Kayla Johnson,43,Masculino,New Matthewborough,Illinois
216,Benjamin Fields,73,Feminino,Lake Douglas,New York
217,Katherine Coleman,28,Masculino,Rhondamouth,Washington
218,Denise Simmons,72,Masculino,Calderonton,Maine
219,Ms. Rhonda Walter,52,Feminino,West Lucas,New Hampshire
220,Jennifer Robertson,20,Feminino,Markhaven,South Dakota
221,Brenda Jones,49,Feminino,Shannonton,South Carolina
222,Leonard Hartman,19,Feminino,Lake Daryl,North Carolina
223,Melanie Smith,19,Masculino,North Davidview,Maryland
224,Miguel Collins,65,Feminino,North Kelly,Maryland
225,Kaitlyn Griffin,66,Feminino,West Andrew,Indiana
226,James Wells,21,Masculino,West Katelynland,West Virginia
227,David Johnson,70,Masculino,Perkinstown,Minnesota
228,Jason Foster,69,Masculino,Fergusonside,Michigan
229,Andrew Morgan,31,Feminino,East Melissa,Illinois
230,Jacob Lopez,64,Masculino,Port Matthew,Arkansas
231,Charles Simmons,78,Masculino,Lake Judith,Montana
232,Anthony Rodriguez,65,Masculino,North Jacob,Pennsylvania
233,Brittney Richards,43,Feminino,Nicholsmouth,Alaska
234,Olivia Morton,58,Masculino,Hortonberg,Florida
235,Steven Mckenzie,71,Masculino,New Tracyville,Kentucky
236,Brendan Nelson,21,Masculino,Jacobport,Rhode Island
237,Zachary Mccormick,80,Masculino,West Judyfort,Ohio
238,Anne Sanders,51,Masculino,Lake John,Arizona
239,Alexandria Frederick,23,Masculino,West Melissaberg,New Hampshire
240,Carlos Stewart,30,Masculino,Martinmouth,New Mexico
241,Robert Craig,29,Feminino,East Kathryn,Louisiana
242,Jason Cardenas PhD,76,Masculino,Woodberg,Wyoming
243,Laura Nguyen,64,Feminino,East Sergio,Utah
244,Jeremy Jones,52,Masculino,Powellborough,Alaska
245,Lori Lopez,62,Feminino,Jenniferberg,Washington
246,Robert Jones,50,Masculino,Fletcherborough,Texas
247,Thomas Russell,30,Feminino,Pinedaborough,Tennessee
248,Hayley Conrad,47,Feminino,Velezville,Nevada
249,Stephen James,33,Masculino,Lake Shelbyburgh,Illinois
250,Kelly Beltran,41,Masculino,Margaretbury,South Dakota
251,Matthew Carter,57,Feminino,Benjaminbury,New York
252,Christine Thornton,47,Feminino,Lake Robertport,Oklahoma
253,Lauren Cunningham,74,Masculino,East Bob,Maine
254,Sean Sellers,49,Feminino,Martinezburgh,Montana
255,Brandy Simpson,54,Feminino,North Chad,Vermont
256,Alicia Johnson,71,Feminino,Ramoshaven,Virginia
257,Thomas Leonard,67,Feminino,Valenciaberg,Rhode Island
258,Matthew Porter,27,Feminino,New Kim,Maryland
259,Sarah Brooks,34,Masculino,East Benjaminburgh,New Mexico
260,Antonio Ellis,73,Masculino,Port Rileytown,Nebraska
261,Darrell Lopez,29,Feminino,Port Jose,Iowa
262,Joseph Davidson,23,Masculino,West Robert,Alaska
263,Michelle Williams,26,Feminino,North Lisahaven,Illinois
264,Juan Lawson,38,Feminino,Port Jillberg,New York
265,Savannah Wilson,52,Masculino,Bethanyberg,Montana
266,Christopher Williams,69,Feminino,Vincentside,Alaska
267,Lisa Bowman,29,Feminino,Jamesbury,Virginia
268,Sarah Harrell,60,Feminino,West Georgeland,Nebraska
269,Jack Gomez,27,Masculino,Edwinville,New York
270,Melissa Hernandez,71,Masculino,East David,Illinois
271,Peter Ramos,26,Masculino,South Howard,Colorado
272,Maria Robinson,22,Feminino,Callahanport,New Jersey
273,Walter May,38,Feminino,Pamtown,Georgia
274,Stephen Diaz,60,Masculino,South John,Nevada
275,Mason Cowan,34,Feminino,Lauraland,South Carolina
276,Ryan Pittman,53,Masculino,East Brian,New Mexico
277,Daniel Santos,44,Feminino,Robinsonchester,Florida
278,Kaitlyn Lawrence,54,Feminino,North Susanstad,Missouri
279,Tiffany Mosley,39,Masculino,Clarkside,New Hampshire
280,Mary Nelson,20,Masculino,Ernesthaven,Hawaii
281,Kristin Evans,48,Feminino,Davidberg,West Virginia
282,Thomas Rojas,60,Masculino,Ashleyberg,Montana
283,Savannah Hall,70,Masculino,Davidside,Oklahoma
284,Stephanie Clark,65,Feminino,Diazborough,Ohio
285,Michelle Cabrera,25,Masculino,Lake Angela,West Virginia
286,Ms. Kim Miller,69,Masculino,Daltonmouth,New Mexico
287,Brian Harris,39,Masculino,Toddshire,Idaho
288,Danielle Morris,32,Masculino,Christyville,Oklahoma
289,Samantha Davis,57,Masculino,Ambermouth,Kentucky
290,James Harris,57,Feminino,North Tammy,Vermont
291,Victor Wheeler,60,Feminino,Patrickfort,Kentucky
292,April Morgan,66,Masculino,West Samanthamouth,North Carolina
293,Gary Smith,57,Masculino,Hillport,South Carolina
294,Jeffrey Vega,21,Masculino,Johnbury,Massachusetts
295,Donna Campbell,18,Feminino,West Lorrainemouth,Georgia
296,Christopher Matthews,53,Feminino,West Cynthia,Georgia
297,Theresa Glover,63,Feminino,Fuentesfort,Minnesota
298,Lisa Molina,37,Masculino,Port Joshuaburgh,South Carolina
299,Angela Bradford,76,Feminino,Rossland,South Carolina
300,Eric Cook,50,Feminino,New Chrisville,Kentucky
301,Eric Hardin,45,Masculino,East Annaberg,North Carolina
302,Brandy Jackson,29,Feminino,Allisonborough,New Hampshire
303,Allison Cohen,71,Masculino,Schneiderfurt,Iowa
304,John Young,73,Masculino,Sheilahaven,New Mexico
305,Michelle Reid,29,Feminino,North Josephshire,Arizona
306,Christopher Santos,53,Masculino,Bushland,Arizona
307,Steven Garcia,67,Masculino,North Brianland,Minnesota
308,Laura Bryan,56,Feminino,Tiffanyton,West Virginia
309,Travis Hernandez,45,Feminino,Sarabury,Colorado
310,Jose Gonzalez,32,Masculino,Port Jaclyn,Connecticut
311,Charles Morgan,51,Feminino,Morgantown,New Hampshire
312,Ronald Hawkins,42,Masculino,Martinville,Maine
313,Curtis Young,42,Feminino,East Gregorystad,Utah
314,Cody Arroyo,18,Feminino,Stevenbury,Texas
315,Veronica Richmond,44,Feminino,West Ashleyshire,Idaho
316,Chelsea Hayden,80,Feminino,Port Joseph,Louisiana
317,Charles Richardson,53,Feminino,New Lisa,Nebraska
318,Rebecca Frye,45,Masculino,Williamston,Pennsylvania
319,Lindsey Jarvis,52,Masculino,Gregorychester,Alabama
320,John Johnson,67,Feminino,North Anthony,Connecticut
321,Lynn Fletcher,38,Feminino,Scottview,New Mexico
322,Kevin Velez,66,Feminino,Olsenport,Minnesota
323,Darrell Chase,58,Feminino,Bentonland,Maine
324,Ashley Fletcher,30,Feminino,Ashleychester,Missouri
325,Pamela Obrien,56,Feminino,Woodston,Montana
326,Sabrina Shaffer,67,Feminino,Laurenport,Massachusetts
327,Michelle Park,37,Masculino,Williamsberg,Nevada
328,Emily Williams,70,Feminino,West Patrickstad,Idaho
329,Robert Riley,72,Masculino,West Courtneyburgh,Massachusetts
330,Amy Johnson,62,Masculino,West Michelle,Georgia
331,Megan Adams,28,Masculino,Lake James,Hawaii
332,Thomas Howard,31,Feminino,Bryanton,Montana
333,Phillip Garrett,56,Masculino,Martineztown,Maryland
334,Glenn Coleman,49,Masculino,West Holly,Arizona
335,Kathy Gonzalez,63,Feminino,North Bradleyborough,Georgia
336,Aaron Deleon,49,Feminino,Howellland,Oregon
337,Justin Meyer,71,Masculino,East Rubentown,Colorado
338,Michael Craig,50,Masculino,Port Nicolefurt,Mississippi
339,Stephanie Bishop,61,Masculino,Lake Victoriaview,Kentucky
340,Kaylee Cole,28,Feminino,North Kennethfort,Virginia
341,Edward Gibson,53,Feminino,Knightview,Maryland
342,Jordan Hudson,77,Feminino,Jenniferland,Oklahoma
343,Kathleen Carpenter,20,Masculino,East Danielchester,Ohio
344,Elizabeth Davenport,56,Feminino,West Michelleside,Wisconsin
345,Victoria Kemp,24,Masculino,Acostaport,New Jersey
346,James Davis,74,Masculino,Listad,Maine
347,Michael Powers,64,Masculino,Josechester,North Carolina
348,April Joseph,32,Masculino,South Sandra,Iowa
349,John Hill,59,Masculino,North Caleb,Delaware
350,Corey Glass,80,Masculino,East Susantown,New Hampshire
351,Thomas Mcmillan,60,Feminino,Allisonland,Ohio
352,Elizabeth Hodge,74,Feminino,Lake Anthonyshire,Illinois
353,Sherri Silva,28,Feminino,North William,Idaho
354,Jose Walker,57,Masculino,Michaelchester,Washington
355,Walter Long,24,Masculino,East Melissamouth,Tennessee
356,Daniel Horton,19,Feminino,South Ericmouth,Vermont
357,Tracey Bender,64,Feminino,North Erin,Illinois
358,Megan Hanson,29,Masculino,East Tammy,Michigan
359,Bryan Floyd,29,Feminino,Lake Christine,Florida
360,Connor Carr MD,40,Feminino,Kennedyfurt,Virginia
361,Matthew Wolfe,31,Masculino,South Barbara,Arkansas
362,David Little,33,Feminino,Robertberg,Minnesota
363,Kevin Obrien,52,Masculino,Michaelstad,Idaho
364,John Nguyen,65,Feminino,East Michael,South Dakota
365,Michelle Martin,42,Feminino,West Mariohaven,New Mexico
366,Dylan Carroll,22,Feminino,Wheelertown,Florida
367,Stuart Cobb,52,Feminino,Richardhaven,Oklahoma
368,Robert Dillon,53,Masculino,Navarrohaven,South Dakota
369,Joseph Zuniga,73,Feminino,Kendrahaven,Tennessee
370,Stacy Thomas,27,Masculino,North Sheila,Maryland
371,Gregory Harris,77,Feminino,Danielton,Alaska
372,Steven Collins,63,Masculino,West Angelaview,Kentucky
373,Ronnie Barnes,63,Masculino,Cameronville,Illinois
374,Cindy Alvarado,75,Feminino,Wilsonview,Colorado
375,Timothy Velazquez,29,Masculino,Carlabury,Arkansas
376,James Hall,52,Masculino,Payneville,California
377,Timothy Hopkins,79,Masculino,West Yolanda,Oklahoma
378,Matthew Tyler,43,Feminino,South Kaylaborough,Maine
379,Alicia Crawford,58,Masculino,Brandonville,New Jersey
380,Jennifer Mason,46,Feminino,Horneton,Ohio
381,James Ferguson,58,Masculino,Port Williamside,West Virginia
382,Wayne Levy,53,Masculino,East Anthony,Michigan
383,Alison Gregory,34,Masculino,Jacobbury,Oklahoma
384,George Kramer,30,Masculino,Lake Carrie,Nebraska
385,Joshua Holloway,25,Masculino,Snowton,Virginia
386,Adrienne Butler,36,Feminino,East Christopherton,Oregon
387,Kayla Cortez,37,Feminino,Kennedyview,Wisconsin
388,Kyle Jones,77,Feminino,Port Dominiqueshire,Maine
389,Louis Bush,46,Masculino,North Lisa,Iowa
390,Rachel Scott,73,Masculino,South Carlostown,Illinois
391,Wendy Thompson,60,Masculino,Port Tracy,Ohio
392,Michelle Garcia,76,Feminino,Port Victoria,Tennessee
393,John Martinez,18,Masculino,Kimberlystad,North Dakota
394,Chad Peterson,28,Feminino,New Angelaburgh,Rhode Island
395,Angela Hawkins,56,Masculino,North Eduardomouth,Ohio
396,Jennifer Fernandez,27,Feminino,Johnsonport,Idaho
397,Jennifer Johnson,63,Feminino,East Ambershire,West Virginia
398,Mark Leblanc,59,Masculino,North Julieburgh,Wyoming
399,Mary Townsend,38,Feminino,Port Latoya,Oregon
400,Stephen Harmon,59,Feminino,Juliefort,Indiana
401,Mark Boyd,49,Masculino,Lake Jamesshire,Missouri
402,Teresa Melton,34,Feminino,Lake Christopher,Maine
403,Jennifer Stafford,38,Masculino,Lake Jesusmouth,Mississippi
404,Ashley Davidson,72,Masculino,Santanahaven,New Jersey
405,Elizabeth Alexander,59,Feminino,New Hollyberg,Georgia
406,Jaclyn Roberson,35,Masculino,Josephport,Massachusetts
407,Joy Jenkins,59,Feminino,New Johnnyfort,Alabama
408,Joshua Murphy,33,Masculino,Gardnerbury,Nevada
409,Michelle Marsh,56,Feminino,North Jeffreyview,Washington
410,Tina Hendricks,76,Feminino,Port Scottton,Oklahoma
411,Douglas Wright,72,Feminino,Lake Kaitlyn,Maryland
412,Jo Jackson,70,Feminino,Floresmouth,Rhode Island
413,Jennifer Alexander,38,Masculino,East Jacob,Georgia
414,Alexander Nash,34,Feminino,Tatehaven,Kentucky
415,Andrea Keith,50,Feminino,Abigailton,Montana
416,Brett Mendez,43,Masculino,New Aaron,Montana
417,Kevin Smith DDS,80,Feminino,West Kristinburgh,Tennessee
418,Melissa White,40,Masculino,West Michaelborough,Kentucky
419,Lisa Tanner,78,Masculino,East Vincent,Florida
420,Jeremy Bright,33,Masculino,Grahamton,Connecticut
421,April Oneal,46,Feminino,Lake Joseph,Florida
422,Brenda Keller DVM,79,Feminino,Melissaview,North Carolina
423,Mark Taylor IV,37,Masculino,Marshallshire,Massachusetts
424,Sonya Williams,33,Masculino,North James,South Carolina
425,Ricky Robles,39,Masculino,East Steven,Georgia
426,Patrick Flores,37,Feminino,East Tammy,Illinois
427,Victoria Miller DDS,68,Masculino,Port Samantha,Arkansas
428,Joseph Martin,54,Masculino,Lake Briana,Minnesota
429,Brittney Ramos,67,Masculino,North Bryanborough,South Carolina
430,Krista Long,39,Masculino,Kennedychester,Nevada
431,Gabriel Long,76,Feminino,East Amandaberg,Arizona
432,Lisa Ford,51,Masculino,Cristinaport,Texas
433,Erica Herrera DVM,32,Masculino,Lake Williamhaven,South Carolina
434,Aaron Turner,47,Masculino,Johnbury,South Dakota
435,Francisco Jackson,28,Masculino,Snyderstad,Maryland
436,Jeffrey Olsen,47,Masculino,Silvaland,Kansas
437,Keith Jones,58,Masculino,New Fredmouth,South Carolina
438,Stephen Ramirez,21,Masculino,North Michelle,Montana
439,Gary Jones,31,Feminino,Dennischester,Washington
440,Benjamin Riley,20,Masculino,Martinberg,Kansas
441,Dr. Carolyn Mcdowell,70,Feminino,New Jeremy,Missouri
442,Danielle Powell,19,Feminino,Palmerhaven,Pennsylvania
443,Daniel Miller,29,Masculino,New Christophershire,Colorado
444,Kenneth Foster,80,Masculino,Lake Blakefurt,Virginia
445,Heather Conrad,78,Masculino,Dyerton,Maine
446,Amber Barr,27,Feminino,Port Michael,Illinois
447,Taylor Simpson,47,Feminino,Lindsayberg,North Dakota
448,Christopher Salas,38,Feminino,East Christine,West Virginia
449,John Kelley,77,Feminino,Jessicashire,Montana
450,Donna Freeman,70,Masculino,Wallport,Oregon
451,Lisa Peterson,50,Masculino,Gutierrezburgh,Wisconsin
452,Lisa Barnes,74,Feminino,Smithstad,Connecticut
453,Monica Floyd,19,Masculino,West Robertland,California
454,Reginald Stanley,74,Masculino,Torreston,Utah
455,Brittany Pierce,79,Feminino,South Jasonton,Michigan
456,Terry Hull,30,Masculino,Christinaland,Idaho
457,Virginia Webster,73,Masculino,Karenland,Illinois
458,Crystal Cummings,34,Feminino,Lake Coreyland,Kansas
459,Christopher Lee,69,Masculino,Lukeview,Georgia
460,Megan White,59,Feminino,Lake Marystad,Maryland
461,Lauren James,68,Masculino,South Christopherstad,Oregon
462,Jon Austin,47,Masculino,Dawnmouth,Tennessee
463,Jason Ramirez,23,Feminino,North Danielhaven,Vermont
464,Jack Deleon,46,Masculino,Port Dennisstad,Wisconsin
465,Anthony Cohen,39,Feminino,Port Markfort,Colorado
466,Cody Spencer,80,Masculino,North James,Maryland
467,Jessica Simpson,48,Masculino,West Lindsaybury,California
468,Jonathan Moreno DDS,47,Feminino,New Cassandra,Colorado
469,James Dawson,71,Feminino,South Jefferyhaven,Wisconsin
470,Colin Turner,21,Masculino,Melissaberg,Wisconsin
471,Joshua Bennett,77,Masculino,North Anthony,Michigan
472,Michael Flores,54,Masculino,South Annaburgh,Virginia
473,Melissa Williams,59,Feminino,Lake Julie,Texas
474,Roberto Pratt,20,Masculino,Port Carrieshire,Missouri
475,Alexander Reed,57,Feminino,Port Ronald,Delaware
476,Vanessa Rojas,42,Feminino,Blakebury,North Carolina
477,Dr. Amanda Mcgee MD,34,Masculino,Hurstshire,New Hampshire
478,Jordan Clements,45,Feminino,West Marcusberg,Wisconsin
479,Kenneth Pierce,47,Masculino,East Gary,Washington
480,Juan Smith,44,Masculino,East Lori,Idaho
481,Benjamin Smith,36,Masculino,New Benjaminmouth,Georgia
482,James Hansen,60,Masculino,New Stephenland,Connecticut
483,Frank Simon,35,Masculino,East Mary,Illinois
484,Brianna Armstrong,25,Masculino,South Patriciaville,Maryland
485,Robin Tyler,79,Feminino,Mayberg,Hawaii
486,Virginia Taylor,34,Masculino,Coleside,West Virginia
487,Kenneth Hanson,79,Masculino,North Amberfurt,Connecticut
488,Dean Patel DVM,48,Feminino,Port Alicia,Missouri
489,Louis Martinez,65,Masculino,East Dustinburgh,Rhode Island
490,George Ferguson,46,Masculino,Lake Briana,Nevada
491,Steve Estrada,54,Masculino,Greeneshire,Massachusetts
492,Nathaniel Casey,56,Masculino,Johnport,Georgia
493,Kathy Warren,36,Feminino,Whiteport,Michigan
494,David Wallace,62,Masculino,Alvarezberg,Nevada
495,Steve Reid,37,Masculino,Lake Bradley,Michigan
496,Jordan Edwards,22,Feminino,New Michaelton,Wisconsin
497,Timothy Edwards,79,Feminino,Blairfurt,South Carolina
498,Christine Burnett,48,Feminino,Marthamouth,Massachusetts
499,James Hart,76,Masculino,East Duaneborough,Kansas
500,Daniel Nelson,74,Masculino,Davidport,Montana
501,Douglas Watson,74,Masculino,Port Johnstad,Utah
502,Tammy Harvey,29,Feminino,Aprilshire,Alaska
503,Jennifer Allen,76,Masculino,South Danabury,Vermont
504,Clayton Taylor,73,Feminino,Edwardland,Wyoming
505,Elaine Rosales,29,Masculino,South Johnbury,California
506,Joseph Quinn,51,Feminino,Shawnafort,Connecticut
507,Brad Harris,76,Feminino,West Robert,Hawaii
508,Sara Brooks,73,Masculino,North Latasha,Virginia
509,Robin Ward,31,Feminino,Cynthiaport,Iowa
510,Janet Singleton,19,Masculino,South Gregory,Minnesota
511,Anthony Knight,35,Feminino,Lewisland,Connecticut
512,Preston White,67,Feminino,Nguyenfort,Idaho
513,Elizabeth Boone,71,Masculino,Lake Davidshire,Nevada
514,Mark Thompson,49,Masculino,East Ericashire,Maine
515,Samuel Jennings,24,Masculino,Lake Chase,New Hampshire
516,Richard Aguilar,39,Masculino,Lake Raymond,Texas
517,Jason Carey,33,Feminino,Lake Albert,Minnesota
518,Betty Francis MD,79,Masculino,New Kevin,New Jersey
519,Carla Duke,53,Masculino,New Wendybury,Wyoming
520,Danielle Meyer,40,Feminino,Prestonfort,Arkansas
521,Tiffany Wallace,39,Feminino,Hannahborough,New Hampshire
522,Suzanne Burns,45,Feminino,Walkerstad,Missouri
523,Michelle Romero,48,Feminino,East Brendaside,North Carolina
524,Russell Morgan,55,Masculino,Rubioville,Tennessee
525,Nicholas Kelly,65,Feminino,Richardchester,Tennessee
526,Caitlin Lewis,27,Masculino,North Nicole,Connecticut
527,Patricia Bishop,71,Feminino,Youngfurt,Mississippi
528,Mr. Kevin Taylor DDS,21,Masculino,Douglaston,New Jersey
529,Danielle Ward,37,Feminino,Jeffreymouth,Iowa
530,Cynthia Shaffer,21,Masculino,West Joseph,South Dakota
531,Julie Vance,56,Feminino,Dawnshire,Illinois
532,Erica Conley,47,Masculino,East Jadechester,New York
533,Haley Lewis,50,Feminino,Oconnellport,Wisconsin
534,Tamara Cooper,77,Feminino,East Taylorview,Missouri
535,Matthew Brown,78,Feminino,Hamptonfurt,Michigan
536,Steven Martin,30,Feminino,Port Anna,Florida
537,Jay Moore,52,Masculino,Shermanborough,Colorado
538,Jack Howell,24,Masculino,Williamborough,New Hampshire
539,Samuel Taylor,66,Masculino,Alexandrastad,West Virginia
540,Rachel Watson,35,Masculino,Davismouth,North Dakota
541,Bobby Jordan,74,Masculino,Thompsonmouth,Kentucky
542,Pamela Webb,32,Masculino,North Mark,Colorado
543,Michelle Norris,78,Feminino,Lake Gary,California
544,Kathy Smith,52,Feminino,Laurastad,Missouri
545,Mark Baker,24,Feminino,New Loriton,Pennsylvania
546,Karen Gomez,21,Feminino,Ginaview,Wisconsin
547,Patrick Herrera,52,Masculino,New Dylanmouth,New Jersey
548,Lori Smith,48,Masculino,South Brentberg,Delaware
549,Michael Coleman,69,Feminino,Port Paula,Iowa
550,Jeffrey Hunt,57,Masculino,North Collin,West Virginia
551,Michael Mcdonald,27,Feminino,North Nicholas,Nevada
552,Susan Rhodes,39,Masculino,Andersonfort,North Dakota
553,Robin Smith,47,Masculino,Colemanstad,Pennsylvania
554,Sally Weaver,28,Masculino,North Thomas,Virginia
555,Lisa Martin,35,Feminino,West Theresa,Michigan
556,Harold Stone PhD,38,Feminino,Tiffanyville,Oregon
557,Michael Hudson,65,Masculino,West Alexis,Kansas
558,Darius Hansen,49,Feminino,Williamberg,West Virginia
559,Rachael Pham,39,Masculino,Ellisfurt,Minnesota
560,Eric Hernandez,51,Masculino,North Angelaberg,Kansas
561,Janice Tate,59,Feminino,South Madison,Indiana
562,Catherine White,26,Masculino,Davidmouth,Ohio
563,Kathleen Johnson,64,Feminino,East Michelebury,Michigan
564,Eric Ortega,61,Masculino,Monicaland,New Jersey
565,Eric Perkins,27,Feminino,North Christopher,South Dakota
566,Cynthia Frey,57,Feminino,Jeanetteton,Tennessee
567,Daniel Rodriguez,24,Feminino,Burkehaven,Arkansas
568,Michele Duarte,20,Feminino,New Damonberg,Rhode Island
569,Hailey Johnson,22,Feminino,Port Brittany,Maine
570,Kelly Wilkins,31,Masculino,Santiagofort,Wisconsin
571,Melissa Solis,29,Feminino,Lake Emilyport,Washington
572,Kimberly Herring,31,Masculino,Adrianchester,Mississippi
573,Amber Martinez,48,Feminino,West Brad,Rhode Island
574,Guy Sloan,49,Masculino,Lake Michellemouth,South Dakota
575,Dana Thompson,69,Feminino,Whitneyview,New Jersey
576,Brett Wells,42,Masculino,Maryborough,Georgia
577,Destiny Mcguire,62,Masculino,Lake Christopher,Louisiana
578,Rebecca Case,18,Masculino,North Heidi,Wisconsin
579,Kenneth Scott,79,Masculino,Laurashire,Alabama
580,Jacob Vega,18,Feminino,North Heather,Arkansas
581,Tyler Sandoval,57,Masculino,South Teresa,Nevada
582,Tonya Ramirez,45,Masculino,Solomonmouth,Arkansas
583,Hannah Clark,54,Feminino,Youngtown,Hawaii
584,Derrick Smith,24,Feminino,Port Chadfort,New Jersey
585,Terri Sullivan,22,Feminino,Jennifermouth,Rhode Island
586,Mary White,71,Feminino,Lopezshire,Hawaii
587,Gail Ramos,38,Masculino,Kyleton,Maryland
588,Gary Riley,68,Feminino,Mitchellmouth,Idaho
589,Lisa Thomas,60,Feminino,Patricktown,Virginia
590,Ruth Foster,61,Masculino,North Ashleyburgh,Missouri
591,Dr. Courtney Johnson DVM,43,Feminino,Lake David,Vermont
592,Jackson Davis,78,Masculino,Williamsville,Indiana
593,Patrick Brown,36,Feminino,Kellymouth,Oklahoma
594,Scott Wagner,46,Feminino,Port Stephen,Connecticut
595,Rita Perez,79,Masculino,Haroldmouth,Missouri
596,Mark Simmons,18,Feminino,Conradberg,New Mexico
597,Steven Fletcher,34,Masculino,South Graceton,Washington
598,Charles Thomas,39,Feminino,Port Nicole,Kansas
599,Heather Ruiz,36,Feminino,New Brianside,Missouri
600,Terry Armstrong,63,Masculino,Sandrashire,Mississippi
601,Mitchell Ford,31,Masculino,Careyberg,Indiana
602,Miss Yolanda Duran,62,Feminino,Howetown,Louisiana
603,Courtney Jackson,73,Feminino,Timothyfort,Colorado
604,Rhonda Martin,42,Feminino,East Glenn,New Hampshire
605,Michael Sexton,76,Masculino,Jasmineview,Connecticut
606,Faith Smith,60,Feminino,North Reneeshire,Minnesota
607,Karen Hodge,34,Feminino,East Logan,Kansas
608,Marie Lester,38,Feminino,Port Philip,Colorado
609,Claire Miller,57,Feminino,South Elizabethmouth,Missouri
610,Alyssa Hale,68,Masculino,Lake Jason,Tennessee
611,Richard Walker,26,Feminino,Smithchester,Vermont
612,Mary Gonzalez,46,Feminino,Reneehaven,Utah
613,Brandon Peters,30,Masculino,Longborough,Alabama
614,Angela Diaz,57,Feminino,East Amandaville,Washington
615,Guy Kelly,68,Feminino,Moonstad,West Virginia
616,Glenda Chang,48,Feminino,East Jessica,Massachusetts
617,Allison Watson,48,Feminino,Jordanchester,New Mexico
618,Scott Nguyen,79,Masculino,Anthonyton,Wisconsin
619,David Kennedy,28,Masculino,Atkinsonshire,South Carolina
620,Lauren Rivera,43,Feminino,East Jeremyside,Pennsylvania
621,David Moyer,75,Feminino,Rossberg,Montana
622,Christine Cannon,25,Feminino,East Kevintown,California
623,Vanessa Black,45,Feminino,Lake Markland,Indiana
624,Peter Brown,58,Feminino,West Nicolefurt,Idaho
625,David Greene,58,Masculino,East Ethan,Massachusetts
626,Felicia Lee,52,Masculino,East Brian,Mississippi
627,Natasha Wallace,72,Feminino,West Kimberly,Alabama
628,Omar Weaver,78,Masculino,Danielmouth,Tennessee
629,Matthew Page,42,Masculino,Lake Edwinborough,Missouri
630,Kathryn Miller,32,Masculino,Mannview,Maine
631,Lawrence Scott,44,Masculino,East Russellport,Tennessee
632,Robert Rogers,48,Masculino,New Jonathanchester,Alaska
633,Dawn George,22,Masculino,Jenniferside,Alaska
634,Victoria Little,33,Masculino,South Richardburgh,Nevada
635,Diana Collins,77,Masculino,Montgomerymouth,Kentucky
636,Wendy York,37,Feminino,Simmonsstad,Indiana
637,Donald Jones,73,Masculino,New Joseph,Colorado
638,Matthew Landry,20,Masculino,South Anthonyberg,Maine
639,Charles Graham,58,Masculino,Knoxview,Hawaii
640,John Clark,38,Masculino,New Amanda,Tennessee
641,Kim Sheppard,18,Feminino,Delacruzbury,Virginia
642,Connor Smith,55,Feminino,East Danielview,North Carolina
643,Monique White,55,Feminino,East Joshua,Wisconsin
644,Lorraine Gray,22,Feminino,Myersland,Pennsylvania
645,Whitney Mitchell,55,Feminino,Terryfurt,Louisiana
646,Lori Riley,75,Feminino,Ortizmouth,Hawaii
647,Joshua Hubbard,56,Masculino,North Tyler,Colorado
648,Jennifer Gutierrez,80,Masculino,East Ericchester,Montana
649,Stephen Haynes,64,Masculino,Norrismouth,Michigan
650,Monica Bass,70,Masculino,Martinborough,New York
651,Thomas Greene Jr.,73,Feminino,Robbinsberg,Connecticut
652,Reginald Bell,59,Masculino,Bassport,New Mexico
653,Rhonda Hart,54,Feminino,Patelmouth,Connecticut
654,Mark Flores,67,Feminino,Morrisshire,Oklahoma
655,Christian Young,39,Masculino,Frazierstad,Montana
656,Caroline Mcgrath,47,Feminino,Hamiltonhaven,Virginia
657,Greg Rogers,38,Masculino,Lake Sheilahaven,Wyoming
658,Suzanne Romero,62,Feminino,Shawnville,Oregon
659,Tanya Wood,72,Masculino,North Samantha,Tennessee
660,Sean Dickson,61,Feminino,West Ana,Wyoming
661,Matthew Gutierrez,20,Feminino,Weavertown,Nevada
662,Melissa Waters,43,Masculino,Christinachester,Kentucky
663,Rebecca Owens,38,Masculino,North William,Washington
664,Rachael Kelley,59,Masculino,Andersonberg,South Carolina
665,Bob Davis,42,Masculino,Petersonfurt,Texas
666,Casey Hill,52,Masculino,Millershire,California
667,Willie Meza,26,Feminino,Jerryborough,Missouri
668,Emily White,25,Masculino,Danielleborough,Hawaii
669,Jon Jones,73,Feminino,Port Cliffordchester,Maryland
670,Michael Tanner,60,Masculino,New Ninamouth,Wisconsin
671,Jessica Ramirez,36,Masculino,Lake Mindy,Wisconsin
672,Eric Haynes,31,Feminino,New Sherri,Indiana
673,William White,57,Feminino,South Lisa,Delaware
674,Jamie Campos,37,Feminino,Robertport,Hawaii
675,Sheila Harris,54,Feminino,East Cody,South Carolina
676,Felicia Jones,27,Feminino,Port Jason,Michigan
677,Nicole Johnson,43,Masculino,South Jeffrey,Wyoming
678,Richard Mills,31,Feminino,South Danielhaven,Louisiana
679,Jennifer Gonzalez,20,Feminino,Greenetown,Missouri
680,Christina Diaz,61,Feminino,Washingtonport,Kentucky
681,Lisa Roberts,51,Masculino,East Dawn,Massachusetts
682,Stephanie Nixon,32,Masculino,West Lisatown,Georgia
683,Crystal Elliott,24,Masculino,Castroton,Maine
684,Kimberly Patel,50,Feminino,Rhondabury,West Virginia
685,Janet Pierce,70,Feminino,New Kristinfurt,Pennsylvania
686,Charles Robbins,60,Feminino,Wilsonland,Louisiana
687,John Gonzalez,41,Masculino,Port Bethfort,Alaska
688,Amy Sullivan,57,Masculino,Fergusonbury,Minnesota
689,Amy Clark,76,Feminino,North Meganfurt,Alaska
690,Frank Smith,25,Masculino,Cooperhaven,Florida
691,Alicia Ayala,41,Feminino,Heathermouth,Arkansas
692,Richard Coleman,21,Masculino,Bellmouth,Louisiana
693,Diana Alexander,26,Masculino,Davidberg,Missouri
694,Kim Gay,54,Feminino,Grahamport,Pennsylvania
695,Daniel Fleming,36,Masculino,Jonesfort,North Dakota
696,Julie Ramirez,32,Feminino,Debraberg,Texas
697,Kevin Wang,63,Feminino,North Lee,Iowa
698,Stephanie Watts,21,Masculino,Bryanhaven,Iowa
699,Sandra Craig,74,Masculino,West Kathryn,Georgia
700,Kelly Schmitt,54,Feminino,Danielfort,Indiana
701,Nicole Smith,45,Feminino,West Charles,Vermont
702,Debra Jensen,80,Masculino,Elijahfort,Tennessee
703,Alicia Strong,66,Masculino,New Brandi,Rhode Island
704,Christopher Guerra,56,Masculino,Brownshire,Kansas
705,Carrie Burke,75,Masculino,East Kaitlynview,Kentucky
706,Shane Grant,30,Masculino,Marcusbury,Nebraska
707,Richard Alvarado,26,Feminino,North Cynthia,Illinois
708,Deanna Kelley,47,Masculino,Angelaberg,Hawaii
709,Tracy Henderson,19,Masculino,Port Robert,Oklahoma
710,Debra Hoffman,75,Feminino,Lorettamouth,Hawaii
711,Andrew Miller,76,Masculino,West Jasonstad,Rhode Island
712,Micheal Simmons,27,Masculino,South Ryanland,Idaho
713,Michelle Ball,69,Masculino,Bryantfort,Pennsylvania
714,Michael Lopez,69,Feminino,New Davidstad,Pennsylvania
715,Gabriel Barton,69,Masculino,New Melvin,Iowa
716,Ashlee Williams,32,Masculino,Carlosstad,Pennsylvania
717,Christine Hodge,65,Feminino,Hammondhaven,Missouri
718,John Carlson,50,Masculino,Andrealand,Illinois
719,Kelly Salazar,44,Masculino,Jenkinsborough,California
720,Amanda Gilmore,70,Masculino,Nancybury,Washington
721,Mr. Adam Wiggins,49,Masculino,Port Joseph,Washington
722,Erika Travis,22,Masculino,Lake Lisahaven,Missouri
723,Alicia Cardenas,78,Feminino,Markshire,Arkansas
724,Ronnie Schroeder,59,Masculino,Bauerfurt,Mississippi
725,Wendy Hendricks,53,Feminino,Lake Ronaldview,Indiana
726,Richard Stewart,78,Feminino,Lake Richard,North Carolina
727,Roger Schmidt,75,Masculino,Angelaburgh,Mississippi
728,Calvin Dalton,63,Masculino,North Brendaburgh,Minnesota
729,Matthew Watson,52,Masculino,Jordanburgh,Wyoming
730,Belinda Nguyen,25,Feminino,Floresfort,Tennessee
731,Dr. Maria Baker,23,Masculino,Lake Sarahmouth,Georgia
732,Patrick Martin DDS,52,Masculino,Jonesside,Wyoming
733,Christopher Edwards,37,Feminino,East Jessica,Nebraska
734,Jenna Hall,27,Masculino,Smithberg,Washington
735,Cynthia Hancock,80,Feminino,Hernandezport,Oklahoma
736,Rebecca Best,33,Masculino,West Aliciashire,Oregon
737,Scott Black,51,Feminino,West Christopherland,Washington
738,Toni Shaw,71,Masculino,South Mark,Kansas
739,Brittany Williams,47,Feminino,Lake Nicolas,South Dakota
740,Sarah Drake,50,Feminino,West Alicia,Montana
741,James Taylor,25,Masculino,West Michael,Alabama
742,Julie Johnson,49,Feminino,East Carlos,Washington
743,Jamie Glover,19,Masculino,Ericaburgh,Oklahoma
744,Kaitlin Shannon,40,Masculino,Whitakerstad,Minnesota
745,Angela Myers,29,Feminino,Port Danielstad,Idaho
746,James Kidd,24,Feminino,Harrisbury,New Hampshire
747,Barry Mccoy,21,Feminino,East Lisa,South Carolina
748,Paula Duncan,35,Feminino,Bruceview,Alabama
749,Margaret Johnston,76,Feminino,North Amandastad,Nevada
750,Beverly Brown,35,Masculino,Scottmouth,Wisconsin
751,Michael Hart,70,Masculino,Davidhaven,Wyoming
752,Timothy Crane,44,Masculino,New Samanthaland,Missouri
753,Brian Schroeder,18,Masculino,Francoside,Georgia
754,Eric Chandler,57,Masculino,Aarontown,Colorado
755,Erica Walters,64,Feminino,Johnville,Pennsylvania
756,Michael Savage,76,Feminino,Judithbury,North Dakota
757,Lindsey Adams,43,Masculino,New Phyllisview,Maryland
758,Michael Miller,20,Feminino,Josephmouth,Wisconsin
759,Patricia Frey,57,Masculino,Elizabethhaven,Nevada
760,Mary Smith,38,Feminino,Woodview,Florida
761,Patricia Bradley,38,Masculino,Jessicaview,Rhode Island
762,Jeremiah Torres,38,Masculino,Melaniemouth,Kansas
763,Monica Maldonado,72,Masculino,New Aimeeside,Hawaii
764,Mary Duke,36,Feminino,Johnsonside,Virginia
765,Theresa Wheeler,30,Masculino,South Kristin,Mississippi
766,Beverly Cowan,28,Feminino,Harrisland,Missouri
767,Charles Baker,55,Masculino,Tuckerport,New Hampshire
768,Julie Wright,74,Masculino,Lake Emilyfurt,Missouri
769,Cory Miller,69,Feminino,West Destiny,Hawaii
770,David Li,21,Masculino,Rollinshaven,California
771,Katrina Duncan,46,Masculino,Anthonyside,Vermont
772,Morgan Barajas,53,Feminino,Lake Jesus,South Dakota
773,Tracy Morris,50,Masculino,Lake Kendraville,Minnesota
774,Megan Sanchez,38,Feminino,Port Taylormouth,Wyoming
775,Tamara Allen,48,Feminino,Floresbury,Iowa
776,Kristen Waller,65,Feminino,Lake Elizabeth,South Carolina
777,Michael Banks,19,Feminino,New Brittany,New Mexico
778,James Wong,51,Masculino,North Raymondburgh,Kansas
779,Lisa Estrada,72,Feminino,East Jose,Virginia
780,Gregory Roberts DDS,21,Masculino,Evanston,Missouri
781,Harold Sherman,25,Masculino,Carolhaven,New York
782,Joshua Lopez,46,Feminino,Coxchester,Wisconsin
783,Anthony Rodriguez,75,Feminino,Nathanielborough,Ohio
784,Annette Powell,51,Feminino,Port John,Wisconsin
785,Susan Malone,66,Feminino,East Courtneystad,Texas
786,Howard Gardner,56,Feminino,Port Joseport,Oregon
787,Katherine Davis,71,Feminino,East Anna,Montana
788,David Ruiz,67,Masculino,Carolineland,Vermont
789,Tammy Morgan DDS,37,Masculino,Claytonchester,Alabama
790,Molly Hays,49,Masculino,Andreaton,Kentucky
791,Heidi Brown,37,Feminino,Jameston,Missouri
792,Andrew Burton,20,Feminino,Adamshaven,South Dakota
793,Kaylee Flores,30,Feminino,South Jonathanstad,Texas
794,Travis Luna,52,Feminino,Clarkburgh,New Mexico
795,Miss Allison Griffin,79,Masculino,Edwardsfurt,Connecticut
796,Lisa Fisher,29,Masculino,Wilsonmouth,Alaska
797,Cassidy Mills,27,Masculino,Christophertown,Nebraska
798,Robert Williams,58,Masculino,Lake Monicamouth,Rhode Island
799,Christopher Miller,45,Feminino,Port Amandaview,Rhode Island
800,Kari Griffith,59,Masculino,West Daniel,Connecticut
801,Adam Williams,31,Masculino,Smithbury,South Carolina
802,Mary Park,51,Masculino,Melissaport,New Mexico
803,Kara Cummings,71,Masculino,Jasonport,Illinois
804,Andrea Jordan,78,Feminino,Kimhaven,Georgia
805,Melanie Taylor,37,Masculino,Josephmouth,New Jersey
806,Gina Johnson,28,Masculino,Lisabury,Michigan
807,Johnny Johnston,72,Feminino,North Shannon,Maine
808,Kyle Bauer,62,Masculino,Maychester,Vermont
809,Ronnie Thomas,29,Masculino,Troyburgh,New Hampshire
810,Isabella Wu,75,Masculino,Adamsborough,Missouri
811,Lisa Gentry,47,Masculino,Lake Carol,Iowa
812,Richard Brown,35,Feminino,Lake Michael,Virginia
813,Melissa Jensen,77,Feminino,Port Shari,Colorado
814,Michael Rodriguez,42,Masculino,West Stevenburgh,New Mexico
815,William Miranda,62,Feminino,Casefort,California
816,James Williams,62,Feminino,Klineton,Virginia
817,Justin Weaver,51,Masculino,West Misty,Idaho
818,Michael Cummings,31,Feminino,Danielside,Oklahoma
819,Mary Nichols,22,Masculino,West Courtney,Utah
820,Regina Delgado DDS,44,Feminino,South Nicole,Louisiana
821,Jason Collins,43,Masculino,West Jasonview,Georgia
822,Joseph Hall,80,Feminino,West Robertton,Illinois
823,Tracey Valencia,45,Feminino,Sheriside,California
824,Monica Robertson,30,Feminino,North Jerry,New Hampshire
825,Justin Harris,67,Masculino,Nelsonbury,Idaho
826,Tina Nichols,60,Feminino,East Racheltown,West Virginia
827,Meghan Patel,59,Feminino,North Daniellehaven,Mississippi
828,Aaron Myers,79,Masculino,West Melindaview,New York
829,Jessica Garcia,38,Feminino,Williamsfurt,Colorado
830,Michael Fletcher,79,Masculino,Markhaven,Pennsylvania
831,Rebecca Salinas,43,Feminino,Fitzgeraldtown,Massachusetts
832,Stephanie Oneal,36,Masculino,Webbfurt,Kansas
833,Oscar Juarez,54,Feminino,West Stephen,California
834,Ryan James,22,Masculino,Andersonville,Alaska
835,Jessica Patterson,37,Masculino,Thomastown,South Dakota
836,David Watkins,68,Masculino,Castroborough,Vermont
837,Oscar Carson,71,Masculino,Lake Douglasstad,Delaware
838,Beth Thornton,47,Feminino,Robertaside,Ohio
839,Ryan Pennington,78,Feminino,Lake Jamesbury,Minnesota
840,Joseph Roberts,79,Feminino,Hollandberg,Nebraska
841,Debra Silva,26,Masculino,North Josephshire,Maryland
842,Maria Scott,66,Masculino,South Kimberlymouth,Rhode Island
843,Paul Bennett,52,Feminino,Johnstad,Mississippi
844,Kevin Maynard,60,Masculino,Lisastad,Indiana
845,Alexander Allen,64,Feminino,Ashleeview,Utah
846,Judith Mack,58,Masculino,Morahaven,Washington
847,Jessica Hayes,35,Feminino,West Alyssahaven,Alabama
848,Victoria Richardson,30,Masculino,South Susanland,Arizona
849,Brandon Spence,72,Masculino,Johnsonport,Louisiana
850,Colin Smith,62,Feminino,Fryport,Florida
851,Sharon Simpson,50,Masculino,North David,South Dakota
852,Brad Bailey,65,Masculino,North Marthamouth,Nebraska
853,Christopher Thompson,42,Masculino,Johnsonshire,Ohio
854,Rachel Gaines,50,Feminino,Matthewfort,Tennessee
855,Alexis Green,18,Feminino,Nicoleborough,Minnesota
856,Richard Butler,32,Feminino,Shahshire,Louisiana
857,Martin Hernandez,67,Masculino,Hendricksland,West Virginia
858,Darrell Gonzales,22,Feminino,Patrickborough,Rhode Island
859,Kimberly Odonnell,30,Feminino,Claytontown,Illinois
860,Robin Chambers,78,Feminino,North Eric,West Virginia
861,Debra Clark,78,Feminino,Owensview,Arkansas
862,Marie Harvey,74,Masculino,North Kellyton,Arkansas
863,Stephanie Williams DDS,53,Masculino,West Michelle,Tennessee
864,Lisa Murphy,23,Masculino,Lake Michelletown,Pennsylvania
865,Annette Rivera,67,Masculino,Jacobton,Michigan
866,Gary Harris,28,Masculino,Amberport,Arkansas
867,Charles Figueroa,47,Feminino,Chelseafort,Hawaii
868,Bobby Nelson,21,Feminino,Port Danieltown,Maine
869,Richard Anderson,74,Masculino,Shannonfurt,South Dakota
870,Thomas Murphy,37,Feminino,New Alyssamouth,Minnesota
871,Justin Moore,59,Masculino,West Albertborough,New Jersey
872,Shelley Buchanan,32,Feminino,Pearsonstad,Maine
873,Donald Johnston,71,Masculino,New Margaret,Maine
874,James Mooney,34,Masculino,East Michaelport,Oregon
875,Joanna Rosales,75,Masculino,East Manuelburgh,Oregon
876,Tonya Velasquez,33,Masculino,Westfort,Louisiana
877,Nicholas Burke,66,Feminino,Port Glennbury,North Dakota
878,Mark Terry,27,Feminino,Port Alicia,Alaska
879,Isaac Campos Jr.,67,Feminino,Philipfort,South Carolina
880,Daniel Phillips,21,Masculino,Trevorbury,New York
881,Zachary Davenport,43,Feminino,Grayport,Colorado
882,Patrick Moreno,45,Masculino,South Jessicaborough,Virginia
883,Aaron Williams,67,Masculino,Port Feliciamouth,Nebraska
884,Christine Mcguire,69,Feminino,Murphychester,Iowa
885,Cameron Medina,68,Feminino,New Joseph,Maine
886,Sara Matthews,27,Feminino,Port Tiffanyview,California
887,Frank Conner,60,Feminino,Richardtown,Maryland
888,Thomas Richard,28,Masculino,Michaelshire,Nevada
889,Amy Gilbert,34,Feminino,Josephberg,Oregon
890,Albert Gonzales,52,Masculino,Sarahberg,Colorado
891,David Watkins,69,Masculino,East Jennifer,Arizona
892,John Williams,24,Masculino,Velasquezfurt,North Carolina
893,Patricia Humphrey,32,Masculino,Crystalburgh,Ohio
894,Amy Rodriguez,50,Feminino,Clarkmouth,Washington
895,Shawn Logan,38,Feminino,West Emilymouth,Missouri
896,Carl Bowman,60,Feminino,Jesusville,Tennessee
897,Craig Johnston,56,Feminino,Rossshire,Kansas
898,Brittany Mcdonald,59,Masculino,Davidstad,Minnesota
899,Marvin Anderson,37,Masculino,Staffordside,Delaware
900,Joseph Kline,27,Masculino,Ashleyland,Connecticut
901,William Wilkinson,43,Feminino,West Karenstad,New York
902,Bryan Burton,60,Feminino,South Marioborough,Louisiana
903,Barbara Bean,55,Masculino,Leechester,Minnesota
904,Duane Keller,73,Masculino,North Andre,Rhode Island
905,Lisa Guerra,49,Masculino,Port Benjamin,Rhode Island
906,Stephanie Clark,53,Feminino,Lake Michaelaton,Maine
907,Ronald Harvey,80,Feminino,Meganbury,Maryland
908,Timothy Green,53,Masculino,Johnshire,New York
909,Kara Sanchez,38,Feminino,Osborneberg,Missouri
910,Christine Thompson,42,Masculino,Danielleburgh,Oklahoma
911,Steven Smith,23,Masculino,Port Troy,Florida
912,Hailey Holmes,35,Feminino,Port Anne,Pennsylvania
913,Henry Rivera,56,Masculino,East Markport,New Jersey
914,Andrea Grant,24,Feminino,North Kaitlynmouth,Alaska
915,Kyle Diaz,22,Feminino,New Tiffanyside,South Carolina
916,Barry Miller,25,Masculino,Lake Christopherburgh,Maine
917,Tamara Bishop,66,Feminino,Stephenchester,Wyoming
918,Susan Fischer,39,Masculino,West Sheri,Alabama
919,William Henderson,68,Masculino,West Sarahbury,South Carolina
920,Amanda Johnson,73,Feminino,Danielmouth,Texas
921,Diana Davis,23,Masculino,Fischerland,North Dakota
922,Ronald Huffman,27,Feminino,Lake Russellport,Rhode Island
923,Julie Reynolds,40,Masculino,Johnsonshire,Virginia
924,John Stevens,28,Feminino,Port April,Vermont
925,Daniel Butler,18,Feminino,Andersonport,Rhode Island
926,Alexa King,70,Masculino,Thomasville,Nebraska
927,Jeffery West,47,Masculino,Port Darylbury,California
928,Jason Welch,32,Feminino,Williamsborough,Texas
929,Judy Mclaughlin,48,Feminino,Anthonyberg,Pennsylvania
930,Timothy Jones,21,Masculino,South Edwardville,South Carolina
931,Melissa Gomez,29,Feminino,Bretttown,Oklahoma
932,Michael Gill,37,Masculino,Stewartburgh,South Carolina
933,Lauren Lynch,56,Masculino,Garzaberg,Pennsylvania
934,Andrew Williams,33,Masculino,West Nancy,Alabama
935,Matthew Smith,19,Feminino,Amandaburgh,Arkansas
936,Julia Howard,59,Feminino,North Michaelbury,Kansas
937,Michael Rodriguez,30,Masculino,West Nicholasstad,South Dakota
938,Jane Williams,27,Masculino,Lisaland,California
939,Amy Perkins,80,Masculino,North Amandaberg,Louisiana
940,Philip Reed,20,Feminino,Marcuston,Alaska
941,Shari Terry,22,Feminino,Port Debbie,Ohio
942,Carrie Brown,71,Feminino,North Benjamin,Oklahoma
943,Amber Shannon,20,Masculino,Karahaven,Arizona
944,Lisa Anderson,42,Masculino,South Valerie,New York
945,Joshua Fitzpatrick,40,Masculino,Patrickmouth,Mississippi
946,Warren Watts,58,Feminino,Jodiview,Georgia
947,Craig Martin,69,Masculino,Danielland,New Mexico
948,Patrick Foster,66,Feminino,South Gerald,Idaho
949,Justin Simpson,20,Masculino,Port Kristinbury,Oregon
950,Christian Riley,62,Masculino,Debraville,Oregon
951,Alexandra Smith,21,Masculino,West Cynthia,Texas
952,Charlotte Mann,67,Masculino,East Sarahport,Oregon
953,John Morris,20,Masculino,Jamesberg,Colorado
954,Elaine Cole,54,Masculino,New Darryl,Massachusetts
955,Mark Reyes,36,Feminino,South Stephaniemouth,South Carolina
956,Eric Kelly,35,Feminino,Josefurt,Vermont
957,Dr. Jeff Diaz,57,Feminino,North Charleston,Tennessee
958,Destiny Allen,39,Feminino,North Daniel,North Carolina
959,Terri Waters,74,Masculino,Tiffanychester,Arkansas
960,Michael Becker,38,Feminino,New Andrea,Connecticut
961,Michael Swanson,55,Feminino,South Carl,Utah
962,Debra Hill,73,Feminino,Jameshaven,North Carolina
963,Robert Phillips,46,Feminino,Donnaport,Maryland
964,Pamela Jennings,41,Masculino,Thomasland,Utah
965,Cindy Rodriguez,33,Feminino,New Cody,Arkansas
966,Katherine Williams,56,Feminino,Port Derrickburgh,Connecticut
967,Daniel Mcintyre,79,Feminino,Lake Kimberlyside,South Carolina
968,James Miller,55,Masculino,Webbside,Oregon
969,Anthony Fuentes,39,Feminino,South Vincentchester,Nebraska
970,Kenneth Ramirez,36,Masculino,Kimberlystad,Kentucky
971,Michelle Nelson,21,Feminino,Lake Jenniferburgh,Pennsylvania
972,Rebecca Smith,69,Masculino,New Elizabeth,Nevada
973,Elizabeth Butler,69,Feminino,North Victorville,Iowa
974,Clayton Vargas,20,Feminino,Port Jillmouth,Washington
975,Yolanda Santiago,32,Feminino,Deborahstad,Nevada
976,Kelly Smith,39,Masculino,Port Cory,Georgia
977,Justin Jordan,78,Masculino,Lake Thomashaven,Indiana
978,Dr. Larry Snyder,52,Feminino,Mercadomouth,Arkansas
979,Ann Erickson,73,Feminino,Ashleyland,Nebraska
980,Stephen Smith,49,Masculino,Lake Sheriton,Iowa
981,Renee Brown,54,Feminino,Kennethfort,Mississippi
982,Mrs. Tina Daniel,29,Masculino,Parkerhaven,Arizona
983,Kelli Herring,34,Masculino,Wolfeburgh,Alabama
984,Melissa Wade,60,Feminino,New Triciaberg,Washington
985,Brenda Roberts,49,Masculino,Johnnymouth,Missouri
986,Derrick Chan,29,Masculino,West Daniel,Louisiana
987,Michelle Watson,23,Feminino,Floresfort,South Carolina
988,Nathaniel Hamilton,24,Feminino,Rebeccafurt,Minnesota
989,Roger Lynch,43,Masculino,Danaville,Arizona
990,Heather Martin,28,Feminino,Margaretshire,Missouri
991,Janice Cooper,62,Masculino,North Kaitlynview,Montana
992,Anthony Smith,74,Masculino,West Jennafurt,Alaska
993,Erika Crawford,35,Feminino,New Allisontown,Alaska
994,Christopher Morgan,75,Masculino,Webbburgh,North Dakota
995,Jennifer Dorsey,67,Feminino,North Kyle,Rhode Island
996,Crystal Robinson,64,Feminino,South Anthony,Oregon
997,Steve Young,55,Masculino,Vasquezmouth,Ohio
998,Summer Garcia,29,Feminino,West Erin,Oklahoma
999,Sarah Jones,46,Masculino,North Kelly,Utah
1000,Michelle Chaney,30,Feminino,Garciafort,Oklahoma
